experiment,task,gtgdfgo_n_runs,gtgdfgo_max_mean,gtgdfgo_max_std,gtgdfgo_nmax_mean,gtgdfgo_nmax_std,gtg_n_runs,gtg_max_mean,gtg_max_std,gtg_nmax_mean,gtg_nmax_std,gtgdfgo_mfull_n_runs,gtgdfgo_mfull_max_mean,gtgdfgo_mfull_max_std,gtgdfgo_mfull_nmax_mean,gtgdfgo_mfull_nmax_std,gtgdfgo_mfull_text_n_runs,gtgdfgo_mfull_text_max_mean,gtgdfgo_mfull_text_max_std,gtgdfgo_mfull_text_nmax_mean,gtgdfgo_mfull_text_nmax_std
ant_multiple_runs,ant,,,,,,5,452.33,61.502,0.859,0.063,5,556.976,12.395,0.966,0.013,5,566.659,9.082,0.976,0.009
dkitty_multiple_runs,dkitty,,,,,,5,264.857,17.571,0.938,0.014,5,305.991,8.229,0.971,0.007,5,307.139,12.211,0.972,0.01
superconductor_multiple_runs,superconductor,,,,,,5,89.802,6.763,0.485,0.037,5,96.206,7.529,0.52,0.041,5,104.827,7.582,0.567,0.041
tfbind8_multiple_runs,tfbind8,,,,,,5,0.934,0.03,0.934,0.03,5,0.803,0.042,0.803,0.042,5,0.8,0.091,0.8,0.091
tfbind10_multiple_runs,tfbind10,,,,,,5,0.632,0.106,0.625,0.027,5,0.61,0.097,0.619,0.024,5,0.73,0.356,0.649,0.089
gtopx2_multiple_runs,gtopx2,,,,,,5,-72.163,8.495,1.0,0.0,5,-119.974,16.985,1.0,0.0,5,-48.779,9.781,1.0,0.0
gtopx3_multiple_runs,gtopx3,,,,,,5,-53.866,9.877,1.0,0.0,5,-58.165,18.449,1.0,0.0,5,-29.687,1.663,1.0,0.0
gtopx4_multiple_runs,gtopx4,,,,,,5,-72.749,6.632,1.0,0.0,5,-75.994,17.126,1.0,0.0,5,-49.997,7.345,1.0,0.0
gtopx6_multiple_runs,gtopx6,,,,,,5,-55.834,9.655,1.0,0.0,5,-72.592,7.475,1.0,0.0,5,-30.053,1.303,1.0,0.0
ant_multiple_runs_retcond,ant,,,,,,5,454.594,29.59,0.861,0.03,5,556.976,12.395,0.966,0.013,5,566.659,9.082,0.976,0.009
dkitty_multiple_runs_retcond,dkitty,,,,,,5,167.231,79.14,0.858,0.065,5,305.991,8.229,0.971,0.007,5,307.139,12.211,0.972,0.01
eval_sweep_w_text/mt_911054c35daad7e0_textcond_mttextonly/w_text8,ant,5,566.659,9.082,0.976,0.009,,,,,,5,556.976,12.395,0.966,0.013,5,566.659,9.082,0.976,0.009
eval_sweep_w_text/mt_911054c35daad7e0_textcond_mttextonly/w_text8,dkitty,5,307.139,12.211,0.972,0.01,,,,,,5,305.991,8.229,0.971,0.007,5,307.139,12.211,0.972,0.01
eval_sweep_w_text/mt_911054c35daad7e0_textcond_mttextonly/w_text8,superconductor,5,104.827,7.582,0.567,0.041,,,,,,5,96.206,7.529,0.52,0.041,5,104.827,7.582,0.567,0.041
eval_sweep_w_text/mt_911054c35daad7e0_textcond_mttextonly/w_text8,tfbind8,5,0.8,0.091,0.8,0.091,,,,,,5,0.803,0.042,0.803,0.042,5,0.8,0.091,0.8,0.091
eval_sweep_w_text/mt_911054c35daad7e0_textcond_mttextonly/w_text8,tfbind10,5,0.73,0.356,0.649,0.089,,,,,,5,0.61,0.097,0.619,0.024,5,0.73,0.356,0.649,0.089
eval_sweep_w_text/mt_911054c35daad7e0_textcond_mttextonly/w_text8,gtopx2,5,-48.779,9.781,1.0,0.0,,,,,,5,-119.974,16.985,1.0,0.0,5,-48.779,9.781,1.0,0.0
eval_sweep_w_text/mt_911054c35daad7e0_textcond_mttextonly/w_text8,gtopx3,5,-29.687,1.663,1.0,0.0,,,,,,5,-58.165,18.449,1.0,0.0,5,-29.687,1.663,1.0,0.0
eval_sweep_w_text/mt_911054c35daad7e0_textcond_mttextonly/w_text8,gtopx4,5,-49.997,7.345,1.0,0.0,,,,,,5,-75.994,17.126,1.0,0.0,5,-49.997,7.345,1.0,0.0
eval_sweep_w_text/mt_911054c35daad7e0_textcond_mttextonly/w_text8,gtopx6,5,-30.053,1.303,1.0,0.0,,,,,,5,-72.592,7.475,1.0,0.0,5,-30.053,1.303,1.0,0.0
eval_sweep_w_text/mt_911054c35daad7e0_textcond_mttextonly/w_text8_ret,ant,5,566.659,9.082,0.976,0.009,,,,,,5,556.976,12.395,0.966,0.013,5,566.659,9.082,0.976,0.009
eval_sweep_w_text/mt_911054c35daad7e0_textcond_mttextonly/w_text8_ret,dkitty,5,307.139,12.211,0.972,0.01,,,,,,5,305.991,8.229,0.971,0.007,5,307.139,12.211,0.972,0.01
eval_sweep_w_text/mt_911054c35daad7e0_textcond_mttextonly/w_text8_ret,superconductor,5,104.827,7.582,0.567,0.041,,,,,,5,96.206,7.529,0.52,0.041,5,104.827,7.582,0.567,0.041
eval_sweep_w_text/mt_911054c35daad7e0_textcond_mttextonly/w_text8_ret,tfbind8,5,0.8,0.091,0.8,0.091,,,,,,5,0.803,0.042,0.803,0.042,5,0.8,0.091,0.8,0.091
eval_sweep_w_text/mt_911054c35daad7e0_textcond_mttextonly/w_text8_ret,tfbind10,5,0.73,0.356,0.649,0.089,,,,,,5,0.61,0.097,0.619,0.024,5,0.73,0.356,0.649,0.089
eval_sweep_w_text/mt_911054c35daad7e0_textcond_mttextonly/w_text8_ret,gtopx2,5,-48.779,9.781,1.0,0.0,,,,,,5,-119.974,16.985,1.0,0.0,5,-48.779,9.781,1.0,0.0
eval_sweep_w_text/mt_911054c35daad7e0_textcond_mttextonly/w_text8_ret,gtopx3,5,-29.687,1.663,1.0,0.0,,,,,,5,-58.165,18.449,1.0,0.0,5,-29.687,1.663,1.0,0.0
eval_sweep_w_text/mt_911054c35daad7e0_textcond_mttextonly/w_text8_ret,gtopx4,5,-49.997,7.345,1.0,0.0,,,,,,5,-75.994,17.126,1.0,0.0,5,-49.997,7.345,1.0,0.0
eval_sweep_w_text/mt_911054c35daad7e0_textcond_mttextonly/w_text8_ret,gtopx6,5,-30.053,1.303,1.0,0.0,,,,,,5,-72.592,7.475,1.0,0.0,5,-30.053,1.303,1.0,0.0
gtopx2_multiple_runs_retcond,gtopx2,,,,,,5,-84.446,26.171,1.0,0.0,5,-119.974,16.985,1.0,0.0,5,-48.779,9.781,1.0,0.0
gtopx3_multiple_runs_retcond,gtopx3,,,,,,5,-54.65,15.913,1.0,0.0,5,-58.165,18.449,1.0,0.0,5,-29.687,1.663,1.0,0.0
gtopx4_multiple_runs_retcond,gtopx4,,,,,,5,-73.852,13.08,1.0,0.0,5,-75.994,17.126,1.0,0.0,5,-49.997,7.345,1.0,0.0
gtopx6_multiple_runs_retcond,gtopx6,,,,,,5,-58.879,7.985,1.0,0.0,5,-72.592,7.475,1.0,0.0,5,-30.053,1.303,1.0,0.0
multi_task/all_frac1.0_sigma0.0/1000x64_k20_eps0.05,ant,5,570.945,15.468,0.98,0.016,,,,,,5,556.976,12.395,0.966,0.013,5,566.659,9.082,0.976,0.009
multi_task/all_frac1.0_sigma0.0/1000x64_k20_eps0.05,dkitty,5,296.782,11.719,0.964,0.01,,,,,,5,305.991,8.229,0.971,0.007,5,307.139,12.211,0.972,0.01
multi_task/all_frac1.0_sigma0.0/1000x64_k20_eps0.05,tfbind8,5,0.698,0.101,0.698,0.101,,,,,,5,0.803,0.042,0.803,0.042,5,0.8,0.091,0.8,0.091
multi_task/all_frac1.0_sigma0.0/1000x64_k20_eps0.05,tfbind10,5,0.215,0.219,0.52,0.055,,,,,,5,0.61,0.097,0.619,0.024,5,0.73,0.356,0.649,0.089
multi_task/all_frac1.0_sigma0.0/1000x64_k20_eps0.05,gtopx2,5,-99.013,42.811,1.0,0.0,,,,,,5,-119.974,16.985,1.0,0.0,5,-48.779,9.781,1.0,0.0
multi_task/all_frac1.0_sigma0.0/1000x64_k20_eps0.05,gtopx3,5,-86.325,61.474,1.0,0.0,,,,,,5,-58.165,18.449,1.0,0.0,5,-29.687,1.663,1.0,0.0
multi_task/all_frac1.0_sigma0.0/1000x64_k20_eps0.05,gtopx4,5,-115.66,60.53,1.0,0.0,,,,,,5,-75.994,17.126,1.0,0.0,5,-49.997,7.345,1.0,0.0
multi_task/all_frac1.0_sigma0.0/1000x64_k20_eps0.05,gtopx6,5,-82.709,45.592,1.0,0.0,,,,,,5,-72.592,7.475,1.0,0.0,5,-30.053,1.303,1.0,0.0
multi_task/all_frac1.0_sigma0.0/1000x64_k20_eps0.05_ret,ant,5,549.403,14.552,0.958,0.015,,,,,,5,556.976,12.395,0.966,0.013,5,566.659,9.082,0.976,0.009
multi_task/all_frac1.0_sigma0.0/1000x64_k20_eps0.05_ret,dkitty,5,278.89,28.223,0.949,0.023,,,,,,5,305.991,8.229,0.971,0.007,5,307.139,12.211,0.972,0.01
multi_task/all_frac1.0_sigma0.0/1000x64_k20_eps0.05_ret,tfbind8,5,0.625,0.0,0.625,0.0,,,,,,5,0.803,0.042,0.803,0.042,5,0.8,0.091,0.8,0.091
multi_task/all_frac1.0_sigma0.0/1000x64_k20_eps0.05_ret,tfbind10,5,0.226,0.247,0.523,0.062,,,,,,5,0.61,0.097,0.619,0.024,5,0.73,0.356,0.649,0.089
multi_task/all_frac1.0_sigma0.0/1000x64_k20_eps0.05_ret,gtopx2,5,-95.757,13.597,1.0,0.0,,,,,,5,-119.974,16.985,1.0,0.0,5,-48.779,9.781,1.0,0.0
multi_task/all_frac1.0_sigma0.0/1000x64_k20_eps0.05_ret,gtopx3,5,-37.563,17.879,1.0,0.0,,,,,,5,-58.165,18.449,1.0,0.0,5,-29.687,1.663,1.0,0.0
multi_task/all_frac1.0_sigma0.0/1000x64_k20_eps0.05_ret,gtopx4,5,-70.24,9.362,1.0,0.0,,,,,,5,-75.994,17.126,1.0,0.0,5,-49.997,7.345,1.0,0.0
multi_task/all_frac1.0_sigma0.0/1000x64_k20_eps0.05_ret,gtopx6,5,-50.938,13.617,1.0,0.0,,,,,,5,-72.592,7.475,1.0,0.0,5,-30.053,1.303,1.0,0.0
multi_task/all_frac1.0_sigma0.0/mt_f6fca707c7e948df,ant,5,556.976,12.395,0.966,0.013,,,,,,5,556.976,12.395,0.966,0.013,5,566.659,9.082,0.976,0.009
multi_task/all_frac1.0_sigma0.0/mt_f6fca707c7e948df,dkitty,5,305.991,8.229,0.971,0.007,,,,,,5,305.991,8.229,0.971,0.007,5,307.139,12.211,0.972,0.01
multi_task/all_frac1.0_sigma0.0/mt_f6fca707c7e948df,superconductor,5,96.206,7.529,0.52,0.041,,,,,,5,96.206,7.529,0.52,0.041,5,104.827,7.582,0.567,0.041
multi_task/all_frac1.0_sigma0.0/mt_f6fca707c7e948df,tfbind8,5,0.803,0.042,0.803,0.042,,,,,,5,0.803,0.042,0.803,0.042,5,0.8,0.091,0.8,0.091
multi_task/all_frac1.0_sigma0.0/mt_f6fca707c7e948df,tfbind10,5,0.61,0.097,0.619,0.024,,,,,,5,0.61,0.097,0.619,0.024,5,0.73,0.356,0.649,0.089
multi_task/all_frac1.0_sigma0.0/mt_f6fca707c7e948df,gtopx2,5,-119.974,16.985,1.0,0.0,,,,,,5,-119.974,16.985,1.0,0.0,5,-48.779,9.781,1.0,0.0
multi_task/all_frac1.0_sigma0.0/mt_f6fca707c7e948df,gtopx3,5,-58.165,18.449,1.0,0.0,,,,,,5,-58.165,18.449,1.0,0.0,5,-29.687,1.663,1.0,0.0
multi_task/all_frac1.0_sigma0.0/mt_f6fca707c7e948df,gtopx4,5,-75.994,17.126,1.0,0.0,,,,,,5,-75.994,17.126,1.0,0.0,5,-49.997,7.345,1.0,0.0
multi_task/all_frac1.0_sigma0.0/mt_f6fca707c7e948df,gtopx6,5,-72.592,7.475,1.0,0.0,,,,,,5,-72.592,7.475,1.0,0.0,5,-30.053,1.303,1.0,0.0
multi_task/ant_dkitty_frac1.0_sigma0.0/2000x64_k20_eps0.05,ant,5,566.325,13.636,0.976,0.014,,,,,,5,556.976,12.395,0.966,0.013,5,566.659,9.082,0.976,0.009
multi_task/ant_dkitty_frac1.0_sigma0.0/2000x64_k20_eps0.05,dkitty,5,270.165,38.116,0.942,0.031,,,,,,5,305.991,8.229,0.971,0.007,5,307.139,12.211,0.972,0.01
multi_task/ant_dkitty_frac1.0_sigma0.0/2000x64_k20_eps0.05_ret,ant,5,561.97,13.317,0.971,0.014,,,,,,5,556.976,12.395,0.966,0.013,5,566.659,9.082,0.976,0.009
multi_task/ant_dkitty_frac1.0_sigma0.0/2000x64_k20_eps0.05_ret,dkitty,5,283.23,28.7,0.953,0.023,,,,,,5,305.991,8.229,0.971,0.007,5,307.139,12.211,0.972,0.01
multi_task/gtopx2_gtopx3_gtopx4_gtopx6_frac1.0_sigma0.0/1000x64_k20_eps0.01,gtopx2,5,-110.463,14.335,1.0,0.0,,,,,,5,-119.974,16.985,1.0,0.0,5,-48.779,9.781,1.0,0.0
multi_task/gtopx2_gtopx3_gtopx4_gtopx6_frac1.0_sigma0.0/1000x64_k20_eps0.01,gtopx3,5,-60.394,12.866,1.0,0.0,,,,,,5,-58.165,18.449,1.0,0.0,5,-29.687,1.663,1.0,0.0
multi_task/gtopx2_gtopx3_gtopx4_gtopx6_frac1.0_sigma0.0/1000x64_k20_eps0.01,gtopx4,5,-79.663,14.993,1.0,0.0,,,,,,5,-75.994,17.126,1.0,0.0,5,-49.997,7.345,1.0,0.0
multi_task/gtopx2_gtopx3_gtopx4_gtopx6_frac1.0_sigma0.0/1000x64_k20_eps0.01,gtopx6,5,-57.78,8.526,1.0,0.0,,,,,,5,-72.592,7.475,1.0,0.0,5,-30.053,1.303,1.0,0.0
multi_task/gtopx2_gtopx3_gtopx4_gtopx6_frac1.0_sigma0.0/1000x64_k20_eps0.05,gtopx2,5,-99.293,22.175,1.0,0.0,,,,,,5,-119.974,16.985,1.0,0.0,5,-48.779,9.781,1.0,0.0
multi_task/gtopx2_gtopx3_gtopx4_gtopx6_frac1.0_sigma0.0/1000x64_k20_eps0.05,gtopx3,5,-58.31,14.914,1.0,0.0,,,,,,5,-58.165,18.449,1.0,0.0,5,-29.687,1.663,1.0,0.0
multi_task/gtopx2_gtopx3_gtopx4_gtopx6_frac1.0_sigma0.0/1000x64_k20_eps0.05,gtopx4,5,-69.035,7.255,1.0,0.0,,,,,,5,-75.994,17.126,1.0,0.0,5,-49.997,7.345,1.0,0.0
multi_task/gtopx2_gtopx3_gtopx4_gtopx6_frac1.0_sigma0.0/1000x64_k20_eps0.05,gtopx6,5,-55.267,7.939,1.0,0.0,,,,,,5,-72.592,7.475,1.0,0.0,5,-30.053,1.303,1.0,0.0
multi_task/gtopx2_gtopx3_gtopx4_gtopx6_frac1.0_sigma0.0/1000x64_k20_eps0.05_ret,gtopx2,5,-97.409,34.485,1.0,0.0,,,,,,5,-119.974,16.985,1.0,0.0,5,-48.779,9.781,1.0,0.0
multi_task/gtopx2_gtopx3_gtopx4_gtopx6_frac1.0_sigma0.0/1000x64_k20_eps0.05_ret,gtopx3,5,-53.522,4.798,1.0,0.0,,,,,,5,-58.165,18.449,1.0,0.0,5,-29.687,1.663,1.0,0.0
multi_task/gtopx2_gtopx3_gtopx4_gtopx6_frac1.0_sigma0.0/1000x64_k20_eps0.05_ret,gtopx4,5,-77.142,7.48,1.0,0.0,,,,,,5,-75.994,17.126,1.0,0.0,5,-49.997,7.345,1.0,0.0
multi_task/gtopx2_gtopx3_gtopx4_gtopx6_frac1.0_sigma0.0/1000x64_k20_eps0.05_ret,gtopx6,5,-55.323,6.019,1.0,0.0,,,,,,5,-72.592,7.475,1.0,0.0,5,-30.053,1.303,1.0,0.0
multi_task/tfbind10_tfbind8_frac1.0_sigma0.0/1000x64_k50_eps0.05,tfbind8,5,0.973,0.009,0.973,0.009,,,,,,5,0.803,0.042,0.803,0.042,5,0.8,0.091,0.8,0.091
multi_task/tfbind10_tfbind8_frac1.0_sigma0.0/1000x64_k50_eps0.05,tfbind10,5,0.626,0.131,0.623,0.033,,,,,,5,0.61,0.097,0.619,0.024,5,0.73,0.356,0.649,0.089
multi_task/tfbind10_tfbind8_frac1.0_sigma0.0/1000x64_k50_eps0.05_ret,tfbind8,5,0.974,0.006,0.974,0.006,,,,,,5,0.803,0.042,0.803,0.042,5,0.8,0.091,0.8,0.091
multi_task/tfbind10_tfbind8_frac1.0_sigma0.0/1000x64_k50_eps0.05_ret,tfbind10,5,0.661,0.19,0.632,0.048,,,,,,5,0.61,0.097,0.619,0.024,5,0.73,0.356,0.649,0.089
single_task/ant_frac1.0_sigma0.0/4000x64_k20_eps0.05,ant,5,523.935,55.443,0.932,0.057,,,,,,5,556.976,12.395,0.966,0.013,5,566.659,9.082,0.976,0.009
single_task/ant_frac1.0_sigma0.0/4000x64_k20_eps0.05_ret,ant,5,523.345,54.535,0.932,0.056,,,,,,5,556.976,12.395,0.966,0.013,5,566.659,9.082,0.976,0.009
single_task/dkitty_frac1.0_sigma0.0/4000x64_k20_eps0.01,dkitty,5,250.007,14.505,0.926,0.012,,,,,,5,305.991,8.229,0.971,0.007,5,307.139,12.211,0.972,0.01
single_task/dkitty_frac1.0_sigma0.0/4000x64_k20_eps0.01_ret,dkitty,5,271.266,10.596,0.943,0.009,,,,,,5,305.991,8.229,0.971,0.007,5,307.139,12.211,0.972,0.01
single_task/gtopx2_frac1.0_sigma0.0/2000x64_k20_eps0.05_ret,gtopx2,5,-88.551,10.445,1.0,0.0,,,,,,5,-119.974,16.985,1.0,0.0,5,-48.779,9.781,1.0,0.0
single_task/gtopx2_frac1.0_sigma0.0/2000x64_k50_eps0.05,gtopx2,4,-105.79,3.728,1.0,0.0,,,,,,5,-119.974,16.985,1.0,0.0,5,-48.779,9.781,1.0,0.0
single_task/gtopx2_frac1.0_sigma0.0/4000x64_k20_eps0.05,gtopx2,5,-104.344,11.523,1.0,0.0,,,,,,5,-119.974,16.985,1.0,0.0,5,-48.779,9.781,1.0,0.0
single_task/gtopx3_frac1.0_sigma0.0/2000x64_k10_eps0.01,gtopx3,5,-48.145,3.606,1.0,0.0,,,,,,5,-58.165,18.449,1.0,0.0,5,-29.687,1.663,1.0,0.0
single_task/gtopx3_frac1.0_sigma0.0/2000x64_k20_eps0.05,gtopx3,5,-51.762,3.893,1.0,0.0,,,,,,5,-58.165,18.449,1.0,0.0,5,-29.687,1.663,1.0,0.0
single_task/gtopx3_frac1.0_sigma0.0/2000x64_k20_eps0.05_ret,gtopx3,5,-58.489,9.208,1.0,0.0,,,,,,5,-58.165,18.449,1.0,0.0,5,-29.687,1.663,1.0,0.0
single_task/gtopx3_frac1.0_sigma0.0/2000x64_k50_eps0.05,gtopx3,5,-54.739,10.269,1.0,0.0,,,,,,5,-58.165,18.449,1.0,0.0,5,-29.687,1.663,1.0,0.0
single_task/gtopx4_frac1.0_sigma0.0/2000x64_k20_eps0.05,gtopx4,5,-68.361,13.48,1.0,0.0,,,,,,5,-75.994,17.126,1.0,0.0,5,-49.997,7.345,1.0,0.0
single_task/gtopx4_frac1.0_sigma0.0/2000x64_k20_eps0.05_ret,gtopx4,4,-71.906,18.009,1.0,0.0,,,,,,5,-75.994,17.126,1.0,0.0,5,-49.997,7.345,1.0,0.0
single_task/gtopx4_frac1.0_sigma0.0/2000x64_k30_eps0.05,gtopx4,5,-76.428,14.578,1.0,0.0,,,,,,5,-75.994,17.126,1.0,0.0,5,-49.997,7.345,1.0,0.0
single_task/gtopx6_frac1.0_sigma0.0/2000x64_k20_eps0.05,gtopx6,5,-58.615,8.949,1.0,0.0,,,,,,5,-72.592,7.475,1.0,0.0,5,-30.053,1.303,1.0,0.0
single_task/gtopx6_frac1.0_sigma0.0/2000x64_k20_eps0.05_ret,gtopx6,5,-54.051,5.265,1.0,0.0,,,,,,5,-72.592,7.475,1.0,0.0,5,-30.053,1.303,1.0,0.0
single_task/gtopx6_frac1.0_sigma0.0/2000x64_k30_eps0.05,gtopx6,5,-51.145,1.836,1.0,0.0,,,,,,5,-72.592,7.475,1.0,0.0,5,-30.053,1.303,1.0,0.0
single_task/gtopx6_frac1.0_sigma0.0/4000x64_k20_eps0.01,gtopx6,5,-49.386,8.267,1.0,0.0,,,,,,5,-72.592,7.475,1.0,0.0,5,-30.053,1.303,1.0,0.0
single_task/superconductor_frac1.0_sigma0.0/4000x64_k20_eps0.05,superconductor,5,87.388,6.043,0.472,0.033,,,,,,5,96.206,7.529,0.52,0.041,5,104.827,7.582,0.567,0.041
single_task/tfbind10_frac1.0_sigma0.0/1000x64_k50_eps0.05,tfbind10,5,0.626,0.148,0.623,0.037,,,,,,5,0.61,0.097,0.619,0.024,5,0.73,0.356,0.649,0.089
single_task/tfbind10_frac1.0_sigma0.0/1000x64_k50_eps0.05_ret,tfbind10,5,0.58,0.079,0.612,0.02,,,,,,5,0.61,0.097,0.619,0.024,5,0.73,0.356,0.649,0.089
single_task/tfbind8_frac1.0_sigma0.0/1000x64_k50_eps0.05,tfbind8,5,0.954,0.019,0.954,0.019,,,,,,5,0.803,0.042,0.803,0.042,5,0.8,0.091,0.8,0.091
single_task/tfbind8_frac1.0_sigma0.0/1000x64_k50_eps0.05_ret,tfbind8,4,0.973,0.01,0.973,0.01,,,,,,5,0.803,0.042,0.803,0.042,5,0.8,0.091,0.8,0.091
text_conditioned_only/all_frac1.0_sigma0.0/w1.2_1000x64_k20_eps0.05,ant,5,563.533,12.455,0.973,0.013,,,,,,5,556.976,12.395,0.966,0.013,5,566.659,9.082,0.976,0.009
text_conditioned_only/all_frac1.0_sigma0.0/w1.2_1000x64_k20_eps0.05,dkitty,5,286.435,33.333,0.955,0.027,,,,,,5,305.991,8.229,0.971,0.007,5,307.139,12.211,0.972,0.01
text_conditioned_only/all_frac1.0_sigma0.0/w1.2_1000x64_k20_eps0.05,tfbind8,5,0.653,0.212,0.653,0.212,,,,,,5,0.803,0.042,0.803,0.042,5,0.8,0.091,0.8,0.091
text_conditioned_only/all_frac1.0_sigma0.0/w1.2_1000x64_k20_eps0.05,tfbind10,5,0.356,0.128,0.555,0.032,,,,,,5,0.61,0.097,0.619,0.024,5,0.73,0.356,0.649,0.089
text_conditioned_only/all_frac1.0_sigma0.0/w1.2_1000x64_k20_eps0.05,gtopx2,5,-123.223,31.257,1.0,0.0,,,,,,5,-119.974,16.985,1.0,0.0,5,-48.779,9.781,1.0,0.0
text_conditioned_only/all_frac1.0_sigma0.0/w1.2_1000x64_k20_eps0.05,gtopx3,5,-83.49,54.468,1.0,0.0,,,,,,5,-58.165,18.449,1.0,0.0,5,-29.687,1.663,1.0,0.0
text_conditioned_only/all_frac1.0_sigma0.0/w1.2_1000x64_k20_eps0.05,gtopx4,5,-146.776,93.141,1.0,0.0,,,,,,5,-75.994,17.126,1.0,0.0,5,-49.997,7.345,1.0,0.0
text_conditioned_only/all_frac1.0_sigma0.0/w1.2_1000x64_k20_eps0.05,gtopx6,5,-71.947,4.645,1.0,0.0,,,,,,5,-72.592,7.475,1.0,0.0,5,-30.053,1.303,1.0,0.0
text_conditioned_only/all_frac1.0_sigma0.0/w1.2_1000x64_k20_eps0.05_ret,ant,5,569.851,10.826,0.979,0.011,,,,,,5,556.976,12.395,0.966,0.013,5,566.659,9.082,0.976,0.009
text_conditioned_only/all_frac1.0_sigma0.0/w1.2_1000x64_k20_eps0.05_ret,dkitty,5,274.574,28.276,0.946,0.023,,,,,,5,305.991,8.229,0.971,0.007,5,307.139,12.211,0.972,0.01
text_conditioned_only/all_frac1.0_sigma0.0/w1.2_1000x64_k20_eps0.05_ret,tfbind8,5,0.52,0.05,0.52,0.05,,,,,,5,0.803,0.042,0.803,0.042,5,0.8,0.091,0.8,0.091
text_conditioned_only/all_frac1.0_sigma0.0/w1.2_1000x64_k20_eps0.05_ret,tfbind10,5,0.228,0.27,0.523,0.068,,,,,,5,0.61,0.097,0.619,0.024,5,0.73,0.356,0.649,0.089
text_conditioned_only/all_frac1.0_sigma0.0/w1.2_1000x64_k20_eps0.05_ret,gtopx2,5,-103.394,38.764,1.0,0.0,,,,,,5,-119.974,16.985,1.0,0.0,5,-48.779,9.781,1.0,0.0
text_conditioned_only/all_frac1.0_sigma0.0/w1.2_1000x64_k20_eps0.05_ret,gtopx3,5,-82.446,30.0,1.0,0.0,,,,,,5,-58.165,18.449,1.0,0.0,5,-29.687,1.663,1.0,0.0
text_conditioned_only/all_frac1.0_sigma0.0/w1.2_1000x64_k20_eps0.05_ret,gtopx4,5,-117.249,72.111,1.0,0.0,,,,,,5,-75.994,17.126,1.0,0.0,5,-49.997,7.345,1.0,0.0
text_conditioned_only/all_frac1.0_sigma0.0/w1.2_1000x64_k20_eps0.05_ret,gtopx6,5,-100.326,25.384,0.999,0.0,,,,,,5,-72.592,7.475,1.0,0.0,5,-30.053,1.303,1.0,0.0
text_conditioned_only/all_improved_frac1.0_sigma0.0/w1.2_mt_f6fca707c7e948df,ant,5,562.719,7.371,0.972,0.008,,,,,,5,556.976,12.395,0.966,0.013,5,566.659,9.082,0.976,0.009
text_conditioned_only/all_improved_frac1.0_sigma0.0/w1.2_mt_f6fca707c7e948df,dkitty,5,312.226,4.1,0.977,0.003,,,,,,5,305.991,8.229,0.971,0.007,5,307.139,12.211,0.972,0.01
text_conditioned_only/all_improved_frac1.0_sigma0.0/w1.2_mt_f6fca707c7e948df,superconductor,5,98.248,10.865,0.531,0.059,,,,,,5,96.206,7.529,0.52,0.041,5,104.827,7.582,0.567,0.041
text_conditioned_only/all_improved_frac1.0_sigma0.0/w1.2_mt_f6fca707c7e948df,tfbind8,5,0.738,0.154,0.738,0.154,,,,,,5,0.803,0.042,0.803,0.042,5,0.8,0.091,0.8,0.091
text_conditioned_only/all_improved_frac1.0_sigma0.0/w1.2_mt_f6fca707c7e948df,tfbind10,5,0.84,0.749,0.677,0.188,,,,,,5,0.61,0.097,0.619,0.024,5,0.73,0.356,0.649,0.089
text_conditioned_only/all_improved_frac1.0_sigma0.0/w1.2_mt_f6fca707c7e948df,gtopx2,5,-114.278,19.301,1.0,0.0,,,,,,5,-119.974,16.985,1.0,0.0,5,-48.779,9.781,1.0,0.0
text_conditioned_only/all_improved_frac1.0_sigma0.0/w1.2_mt_f6fca707c7e948df,gtopx3,5,-62.315,15.551,1.0,0.0,,,,,,5,-58.165,18.449,1.0,0.0,5,-29.687,1.663,1.0,0.0
text_conditioned_only/all_improved_frac1.0_sigma0.0/w1.2_mt_f6fca707c7e948df,gtopx4,5,-78.829,15.512,1.0,0.0,,,,,,5,-75.994,17.126,1.0,0.0,5,-49.997,7.345,1.0,0.0
text_conditioned_only/all_improved_frac1.0_sigma0.0/w1.2_mt_f6fca707c7e948df,gtopx6,5,-63.685,6.977,1.0,0.0,,,,,,5,-72.592,7.475,1.0,0.0,5,-30.053,1.303,1.0,0.0
text_conditioned_only/all_improved_frac1.0_sigma0.0/w10_mt_f6fca707c7e948df,ant,2,553.369,3.266,0.962,0.003,,,,,,5,556.976,12.395,0.966,0.013,5,566.659,9.082,0.976,0.009
text_conditioned_only/all_improved_frac1.0_sigma0.0/w10_mt_f6fca707c7e948df,dkitty,2,308.849,9.582,0.974,0.008,,,,,,5,305.991,8.229,0.971,0.007,5,307.139,12.211,0.972,0.01
text_conditioned_only/all_improved_frac1.0_sigma0.0/w10_mt_f6fca707c7e948df,superconductor,2,101.399,11.132,0.548,0.06,,,,,,5,96.206,7.529,0.52,0.041,5,104.827,7.582,0.567,0.041
text_conditioned_only/all_improved_frac1.0_sigma0.0/w10_mt_f6fca707c7e948df,tfbind8,2,0.734,0.253,0.734,0.253,,,,,,5,0.803,0.042,0.803,0.042,5,0.8,0.091,0.8,0.091
text_conditioned_only/all_improved_frac1.0_sigma0.0/w10_mt_f6fca707c7e948df,tfbind10,2,0.796,0.513,0.666,0.129,,,,,,5,0.61,0.097,0.619,0.024,5,0.73,0.356,0.649,0.089
text_conditioned_only/all_improved_frac1.0_sigma0.0/w10_mt_f6fca707c7e948df,gtopx2,2,-136.102,33.164,1.0,0.0,,,,,,5,-119.974,16.985,1.0,0.0,5,-48.779,9.781,1.0,0.0
text_conditioned_only/all_improved_frac1.0_sigma0.0/w10_mt_f6fca707c7e948df,gtopx3,2,-66.465,15.296,1.0,0.0,,,,,,5,-58.165,18.449,1.0,0.0,5,-29.687,1.663,1.0,0.0
text_conditioned_only/all_improved_frac1.0_sigma0.0/w10_mt_f6fca707c7e948df,gtopx4,2,-70.245,16.266,1.0,0.0,,,,,,5,-75.994,17.126,1.0,0.0,5,-49.997,7.345,1.0,0.0
text_conditioned_only/all_improved_frac1.0_sigma0.0/w10_mt_f6fca707c7e948df,gtopx6,2,-64.524,0.742,1.0,0.0,,,,,,5,-72.592,7.475,1.0,0.0,5,-30.053,1.303,1.0,0.0
text_conditioned_only/ant_dkitty_frac1.0_sigma0.0/w1.2_2000x64_k20_eps0.05,ant,5,573.091,12.97,0.982,0.013,,,,,,5,556.976,12.395,0.966,0.013,5,566.659,9.082,0.976,0.009
text_conditioned_only/ant_dkitty_frac1.0_sigma0.0/w1.2_2000x64_k20_eps0.05,dkitty,5,288.078,16.852,0.957,0.014,,,,,,5,305.991,8.229,0.971,0.007,5,307.139,12.211,0.972,0.01
text_conditioned_only/ant_dkitty_frac1.0_sigma0.0/w1.2_2000x64_k20_eps0.05_ret,ant,5,554.884,23.317,0.964,0.024,,,,,,5,556.976,12.395,0.966,0.013,5,566.659,9.082,0.976,0.009
text_conditioned_only/ant_dkitty_frac1.0_sigma0.0/w1.2_2000x64_k20_eps0.05_ret,dkitty,5,286.541,18.19,0.955,0.015,,,,,,5,305.991,8.229,0.971,0.007,5,307.139,12.211,0.972,0.01
text_conditioned_only/gtopx2_gtopx3_gtopx4_gtopx6_frac1.0_sigma0.0/w1.2_1000x64_k20_eps0.05,gtopx2,5,-108.241,33.997,1.0,0.0,,,,,,5,-119.974,16.985,1.0,0.0,5,-48.779,9.781,1.0,0.0
text_conditioned_only/gtopx2_gtopx3_gtopx4_gtopx6_frac1.0_sigma0.0/w1.2_1000x64_k20_eps0.05,gtopx3,5,-65.36,17.43,1.0,0.0,,,,,,5,-58.165,18.449,1.0,0.0,5,-29.687,1.663,1.0,0.0
text_conditioned_only/gtopx2_gtopx3_gtopx4_gtopx6_frac1.0_sigma0.0/w1.2_1000x64_k20_eps0.05,gtopx4,5,-81.62,15.489,1.0,0.0,,,,,,5,-75.994,17.126,1.0,0.0,5,-49.997,7.345,1.0,0.0
text_conditioned_only/gtopx2_gtopx3_gtopx4_gtopx6_frac1.0_sigma0.0/w1.2_1000x64_k20_eps0.05,gtopx6,5,-56.379,9.338,1.0,0.0,,,,,,5,-72.592,7.475,1.0,0.0,5,-30.053,1.303,1.0,0.0
text_conditioned_only/gtopx2_gtopx3_gtopx4_gtopx6_frac1.0_sigma0.0/w1.2_1000x64_k20_eps0.05_ret,gtopx2,5,-119.328,14.301,1.0,0.0,,,,,,5,-119.974,16.985,1.0,0.0,5,-48.779,9.781,1.0,0.0
text_conditioned_only/gtopx2_gtopx3_gtopx4_gtopx6_frac1.0_sigma0.0/w1.2_1000x64_k20_eps0.05_ret,gtopx3,5,-56.036,12.318,1.0,0.0,,,,,,5,-58.165,18.449,1.0,0.0,5,-29.687,1.663,1.0,0.0
text_conditioned_only/gtopx2_gtopx3_gtopx4_gtopx6_frac1.0_sigma0.0/w1.2_1000x64_k20_eps0.05_ret,gtopx4,5,-67.232,16.355,1.0,0.0,,,,,,5,-75.994,17.126,1.0,0.0,5,-49.997,7.345,1.0,0.0
text_conditioned_only/gtopx2_gtopx3_gtopx4_gtopx6_frac1.0_sigma0.0/w1.2_1000x64_k20_eps0.05_ret,gtopx6,5,-52.263,5.259,1.0,0.0,,,,,,5,-72.592,7.475,1.0,0.0,5,-30.053,1.303,1.0,0.0
text_conditioned_only/tfbind10_tfbind8_frac1.0_sigma0.0/w1.2_1000x64_k20_eps0.05_ret,tfbind8,5,0.968,0.022,0.968,0.022,,,,,,5,0.803,0.042,0.803,0.042,5,0.8,0.091,0.8,0.091
text_conditioned_only/tfbind10_tfbind8_frac1.0_sigma0.0/w1.2_1000x64_k20_eps0.05_ret,tfbind10,5,0.696,0.104,0.641,0.026,,,,,,5,0.61,0.097,0.619,0.024,5,0.73,0.356,0.649,0.089
tfbind10_multiple_runs_retcond,tfbind10,,,,,,5,0.577,0.049,0.611,0.012,5,0.61,0.097,0.619,0.024,5,0.73,0.356,0.649,0.089
tfbind8_multiple_runs_retcond,tfbind8,,,,,,5,0.905,0.065,0.905,0.065,5,0.803,0.042,0.803,0.042,5,0.8,0.091,0.8,0.091
